PERMNO,date,TICKER,PRC
10107,06/30/2017,MSFT,68.93000
10107,07/03/2017,MSFT,68.17000
10107,07/05/2017,MSFT,69.08000
10107,07/06/2017,MSFT,68.57000
10107,07/07/2017,MSFT,69.46000
10107,07/10/2017,MSFT,69.98000
10107,07/11/2017,MSFT,69.99000
10107,07/12/2017,MSFT,71.15000
10107,07/13/2017,MSFT,71.77000
10107,07/14/2017,MSFT,72.78000
10107,07/17/2017,MSFT,73.35000
10107,07/18/2017,MSFT,73.30000
10107,07/19/2017,MSFT,73.86000
10107,07/20/2017,MSFT,74.22000
10107,07/21/2017,MSFT,73.79000
10107,07/24/2017,MSFT,73.60000
10107,07/25/2017,MSFT,74.19000
10107,07/26/2017,MSFT,74.05000
10107,07/27/2017,MSFT,73.16000
10107,07/28/2017,MSFT,73.04000
10107,07/31/2017,MSFT,72.70000
10107,08/01/2017,MSFT,72.58000
10107,08/02/2017,MSFT,72.26000
10107,08/03/2017,MSFT,72.15000
10107,08/04/2017,MSFT,72.68000
10107,08/07/2017,MSFT,72.40000
10107,08/08/2017,MSFT,72.79000
10107,08/09/2017,MSFT,72.47000
10107,08/10/2017,MSFT,71.41000
10107,08/11/2017,MSFT,72.50000
10107,08/14/2017,MSFT,73.59000
10107,08/15/2017,MSFT,73.22000
10107,08/16/2017,MSFT,73.65000
10107,08/17/2017,MSFT,72.40000
10107,08/18/2017,MSFT,72.49000
10107,08/21/2017,MSFT,72.15000
10107,08/22/2017,MSFT,73.16000
10107,08/23/2017,MSFT,72.72000
10107,08/24/2017,MSFT,72.69000
10107,08/25/2017,MSFT,72.82000
10107,08/28/2017,MSFT,72.83000
10107,08/29/2017,MSFT,73.05000
10107,08/30/2017,MSFT,74.01000
10107,08/31/2017,MSFT,74.77000
10107,09/01/2017,MSFT,73.94000
10107,09/05/2017,MSFT,73.61000
10107,09/06/2017,MSFT,73.40000
10107,09/07/2017,MSFT,74.34000
10107,09/08/2017,MSFT,73.98000
10107,09/11/2017,MSFT,74.76000
10107,09/12/2017,MSFT,74.68000
10107,09/13/2017,MSFT,75.21000
10107,09/14/2017,MSFT,74.77000
10107,09/15/2017,MSFT,75.31000
10107,09/18/2017,MSFT,75.16000
10107,09/19/2017,MSFT,75.44000
10107,09/20/2017,MSFT,74.94000
10107,09/21/2017,MSFT,74.21000
10107,09/22/2017,MSFT,74.41000
10107,09/25/2017,MSFT,73.26000
10107,09/26/2017,MSFT,73.26000
10107,09/27/2017,MSFT,73.85000
10107,09/28/2017,MSFT,73.87000
10107,09/29/2017,MSFT,74.49000
10107,10/02/2017,MSFT,74.61000
10107,10/03/2017,MSFT,74.26000
10107,10/04/2017,MSFT,74.69000
10107,10/05/2017,MSFT,75.97000
10107,10/06/2017,MSFT,76.00000
10107,10/09/2017,MSFT,76.29000
10107,10/10/2017,MSFT,76.29000
10107,10/11/2017,MSFT,76.42000
10107,10/12/2017,MSFT,77.12000
10107,10/13/2017,MSFT,77.49000
10107,10/16/2017,MSFT,77.65000
10107,10/17/2017,MSFT,77.59000
10107,10/18/2017,MSFT,77.61000
10107,10/19/2017,MSFT,77.91000
10107,10/20/2017,MSFT,78.81000
10107,10/23/2017,MSFT,78.83000
10107,10/24/2017,MSFT,78.86000
10107,10/25/2017,MSFT,78.63000
10107,10/26/2017,MSFT,78.76000
10107,10/27/2017,MSFT,83.81000
10107,10/30/2017,MSFT,83.89000
10107,10/31/2017,MSFT,83.18000
10107,11/01/2017,MSFT,83.18000
10107,11/02/2017,MSFT,84.05000
10107,11/03/2017,MSFT,84.14000
10107,11/06/2017,MSFT,84.47000
10107,11/07/2017,MSFT,84.27000
10107,11/08/2017,MSFT,84.56000
10107,11/09/2017,MSFT,84.09000
10107,11/10/2017,MSFT,83.87000
10107,11/13/2017,MSFT,83.93000
10107,11/14/2017,MSFT,84.05000
10107,11/15/2017,MSFT,82.98000
10107,11/16/2017,MSFT,83.20000
10107,11/17/2017,MSFT,82.40000
10107,11/20/2017,MSFT,82.53000
10107,11/21/2017,MSFT,83.72000
10107,11/22/2017,MSFT,83.11000
10107,11/24/2017,MSFT,83.26000
10107,11/27/2017,MSFT,83.87000
10107,11/28/2017,MSFT,84.88000
10107,11/29/2017,MSFT,83.34000
10107,11/30/2017,MSFT,84.17000
10107,12/01/2017,MSFT,84.26000
10107,12/04/2017,MSFT,81.08000
10107,12/05/2017,MSFT,81.59000
10107,12/06/2017,MSFT,82.78000
10107,12/07/2017,MSFT,82.49000
10107,12/08/2017,MSFT,84.16000
10107,12/11/2017,MSFT,85.23000
10107,12/12/2017,MSFT,85.58000
10107,12/13/2017,MSFT,85.35000
10107,12/14/2017,MSFT,84.69000
10107,12/15/2017,MSFT,86.85000
10107,12/18/2017,MSFT,86.38000
10107,12/19/2017,MSFT,85.83000
10107,12/20/2017,MSFT,85.52000
10107,12/21/2017,MSFT,85.50000
10107,12/22/2017,MSFT,85.51000
10107,12/26/2017,MSFT,85.40000
10107,12/27/2017,MSFT,85.71000
10107,12/28/2017,MSFT,85.72000
10107,12/29/2017,MSFT,85.54000
10107,01/02/2018,MSFT,85.95000
10107,01/03/2018,MSFT,86.35000
10107,01/04/2018,MSFT,87.11000
10107,01/05/2018,MSFT,88.19000
10107,01/08/2018,MSFT,88.28000
10107,01/09/2018,MSFT,88.22000
10107,01/10/2018,MSFT,87.82000
10107,01/11/2018,MSFT,88.08000
10107,01/12/2018,MSFT,89.60000
10107,01/16/2018,MSFT,88.35000
10107,01/17/2018,MSFT,90.14000
10107,01/18/2018,MSFT,90.10000
10107,01/19/2018,MSFT,90.00000
10107,01/22/2018,MSFT,91.61000
10107,01/23/2018,MSFT,91.90000
10107,01/24/2018,MSFT,91.82000
10107,01/25/2018,MSFT,92.33000
10107,01/26/2018,MSFT,94.06000
10107,01/29/2018,MSFT,93.92000
10107,01/30/2018,MSFT,92.74000
10107,01/31/2018,MSFT,95.01000
10107,02/01/2018,MSFT,94.26000
10107,02/02/2018,MSFT,91.78000
10107,02/05/2018,MSFT,88.00000
10107,02/06/2018,MSFT,91.33000
10107,02/07/2018,MSFT,89.61000
10107,02/08/2018,MSFT,85.01000
10107,02/09/2018,MSFT,88.18000
10107,02/12/2018,MSFT,89.13000
10107,02/13/2018,MSFT,89.83000
10107,02/14/2018,MSFT,90.81000
10107,02/15/2018,MSFT,92.66000
10107,02/16/2018,MSFT,92.00000
10107,02/20/2018,MSFT,92.72000
10107,02/21/2018,MSFT,91.49000
10107,02/22/2018,MSFT,91.73000
10107,02/23/2018,MSFT,94.06000
10107,02/26/2018,MSFT,95.42000
10107,02/27/2018,MSFT,94.20000
10107,02/28/2018,MSFT,93.77000
10107,03/01/2018,MSFT,92.85000
10107,03/02/2018,MSFT,93.05000
10107,03/05/2018,MSFT,93.64000
10107,03/06/2018,MSFT,93.32000
10107,03/07/2018,MSFT,93.86000
10107,03/08/2018,MSFT,94.43000
10107,03/09/2018,MSFT,96.54000
10107,03/12/2018,MSFT,96.77000
10107,03/13/2018,MSFT,94.41000
10107,03/14/2018,MSFT,93.85000
10107,03/15/2018,MSFT,94.18000
10107,03/16/2018,MSFT,94.60000
10107,03/19/2018,MSFT,92.89000
10107,03/20/2018,MSFT,93.13000
10107,03/21/2018,MSFT,92.48000
10107,03/22/2018,MSFT,89.79000
10107,03/23/2018,MSFT,87.18000
10107,03/26/2018,MSFT,93.78000
10107,03/27/2018,MSFT,89.47000
10107,03/28/2018,MSFT,89.39000
10107,03/29/2018,MSFT,91.27000
10107,04/02/2018,MSFT,88.52000
10107,04/03/2018,MSFT,89.71000
10107,04/04/2018,MSFT,92.33000
10107,04/05/2018,MSFT,92.38000
10107,04/06/2018,MSFT,90.23000
10107,04/09/2018,MSFT,90.77000
10107,04/10/2018,MSFT,92.88000
10107,04/11/2018,MSFT,91.86000
10107,04/12/2018,MSFT,93.58000
10107,04/13/2018,MSFT,93.08000
10107,04/16/2018,MSFT,94.17000
10107,04/17/2018,MSFT,96.07000
10107,04/18/2018,MSFT,96.44000
10107,04/19/2018,MSFT,96.11000
10107,04/20/2018,MSFT,95.00000
10107,04/23/2018,MSFT,95.35000
10107,04/24/2018,MSFT,93.12000
10107,04/25/2018,MSFT,92.31000
10107,04/26/2018,MSFT,94.26000
10107,04/27/2018,MSFT,95.82000
10107,04/30/2018,MSFT,93.52000
10107,05/01/2018,MSFT,95.00000
10107,05/02/2018,MSFT,93.51000
10107,05/03/2018,MSFT,94.07000
10107,05/04/2018,MSFT,95.16000
10107,05/07/2018,MSFT,96.22000
10107,05/08/2018,MSFT,95.81000
10107,05/09/2018,MSFT,96.94000
10107,05/10/2018,MSFT,97.91000
10107,05/11/2018,MSFT,97.70000
10107,05/14/2018,MSFT,98.03000
10107,05/15/2018,MSFT,97.32000
10107,05/16/2018,MSFT,97.15000
10107,05/17/2018,MSFT,96.18000
10107,05/18/2018,MSFT,96.36000
10107,05/21/2018,MSFT,97.60000
10107,05/22/2018,MSFT,97.50000
10107,05/23/2018,MSFT,98.66000
10107,05/24/2018,MSFT,98.31000
10107,05/25/2018,MSFT,98.36000
10107,05/29/2018,MSFT,98.01000
10107,05/30/2018,MSFT,98.95000
10107,05/31/2018,MSFT,98.84000
10107,06/01/2018,MSFT,100.79000
10107,06/04/2018,MSFT,101.67000
10107,06/05/2018,MSFT,102.19000
10107,06/06/2018,MSFT,102.49000
10107,06/07/2018,MSFT,100.88000
10107,06/08/2018,MSFT,101.63000
10107,06/11/2018,MSFT,101.05000
10107,06/12/2018,MSFT,101.31000
10107,06/13/2018,MSFT,100.85000
10107,06/14/2018,MSFT,101.42000
10107,06/15/2018,MSFT,100.13000
10107,06/18/2018,MSFT,100.86000
10107,06/19/2018,MSFT,100.86000
10107,06/20/2018,MSFT,101.87000
10107,06/21/2018,MSFT,101.14000
10107,06/22/2018,MSFT,100.41000
10107,06/25/2018,MSFT,98.39000
10107,06/26/2018,MSFT,99.08000
10107,06/27/2018,MSFT,97.54000
10107,06/28/2018,MSFT,98.63000
10107,06/29/2018,MSFT,98.61000
12490,06/30/2017,IBM,153.83000
12490,07/03/2017,IBM,155.58000
12490,07/05/2017,IBM,153.67000
12490,07/06/2017,IBM,152.36000
12490,07/07/2017,IBM,152.94000
12490,07/10/2017,IBM,153.42000
12490,07/11/2017,IBM,153.19000
12490,07/12/2017,IBM,153.70000
12490,07/13/2017,IBM,153.63000
12490,07/14/2017,IBM,154.24001
12490,07/17/2017,IBM,153.00999
12490,07/18/2017,IBM,154.00000
12490,07/19/2017,IBM,147.53000
12490,07/20/2017,IBM,147.66000
12490,07/21/2017,IBM,147.08000
12490,07/24/2017,IBM,145.99001
12490,07/25/2017,IBM,146.19000
12490,07/26/2017,IBM,145.36000
12490,07/27/2017,IBM,145.07001
12490,07/28/2017,IBM,144.28999
12490,07/31/2017,IBM,144.67000
12490,08/01/2017,IBM,145.30000
12490,08/02/2017,IBM,144.45000
12490,08/03/2017,IBM,144.94000
12490,08/04/2017,IBM,145.16000
12490,08/07/2017,IBM,143.47000
12490,08/08/2017,IBM,142.11000
12490,08/09/2017,IBM,141.77000
12490,08/10/2017,IBM,141.84000
12490,08/11/2017,IBM,141.84000
12490,08/14/2017,IBM,142.32001
12490,08/15/2017,IBM,142.07001
12490,08/16/2017,IBM,142.50000
12490,08/17/2017,IBM,140.70000
12490,08/18/2017,IBM,139.70000
12490,08/21/2017,IBM,140.33000
12490,08/22/2017,IBM,141.00999
12490,08/23/2017,IBM,142.14000
12490,08/24/2017,IBM,142.94000
12490,08/25/2017,IBM,143.74001
12490,08/28/2017,IBM,142.50999
12490,08/29/2017,IBM,143.14000
12490,08/30/2017,IBM,142.56000
12490,08/31/2017,IBM,143.03000
12490,09/01/2017,IBM,144.08000
12490,09/05/2017,IBM,143.03999
12490,09/06/2017,IBM,143.82001
12490,09/07/2017,IBM,142.89999
12490,09/08/2017,IBM,142.45000
12490,09/11/2017,IBM,144.86000
12490,09/12/2017,IBM,145.75999
12490,09/13/2017,IBM,145.99001
12490,09/14/2017,IBM,145.53999
12490,09/15/2017,IBM,144.82001
12490,09/18/2017,IBM,144.55000
12490,09/19/2017,IBM,144.39000
12490,09/20/2017,IBM,145.88000
12490,09/21/2017,IBM,145.25999
12490,09/22/2017,IBM,145.13000
12490,09/25/2017,IBM,145.87000
12490,09/26/2017,IBM,146.56000
12490,09/27/2017,IBM,145.66000
12490,09/28/2017,IBM,145.66000
12490,09/29/2017,IBM,145.08000
12490,10/02/2017,IBM,146.66000
12490,10/03/2017,IBM,146.78000
12490,10/04/2017,IBM,146.48000
12490,10/05/2017,IBM,146.72000
12490,10/06/2017,IBM,146.48000
12490,10/09/2017,IBM,147.39000
12490,10/10/2017,IBM,148.50000
12490,10/11/2017,IBM,147.62000
12490,10/12/2017,IBM,147.03000
12490,10/13/2017,IBM,147.10001
12490,10/16/2017,IBM,146.83000
12490,10/17/2017,IBM,146.53999
12490,10/18/2017,IBM,159.53000
12490,10/19/2017,IBM,160.89999
12490,10/20/2017,IBM,162.07001
12490,10/23/2017,IBM,159.55000
12490,10/24/2017,IBM,155.88000
12490,10/25/2017,IBM,153.50000
12490,10/26/2017,IBM,153.60001
12490,10/27/2017,IBM,153.67999
12490,10/30/2017,IBM,154.36000
12490,10/31/2017,IBM,154.06000
12490,11/01/2017,IBM,154.03000
12490,11/02/2017,IBM,153.35001
12490,11/03/2017,IBM,151.58000
12490,11/06/2017,IBM,150.84000
12490,11/07/2017,IBM,151.35001
12490,11/08/2017,IBM,151.57001
12490,11/09/2017,IBM,150.30000
12490,11/10/2017,IBM,149.16000
12490,11/13/2017,IBM,148.39999
12490,11/14/2017,IBM,148.89000
12490,11/15/2017,IBM,147.10001
12490,11/16/2017,IBM,149.12000
12490,11/17/2017,IBM,148.97000
12490,11/20/2017,IBM,150.50999
12490,11/21/2017,IBM,151.95000
12490,11/22/2017,IBM,151.77000
12490,11/24/2017,IBM,151.84000
12490,11/27/2017,IBM,151.98000
12490,11/28/2017,IBM,152.47000
12490,11/29/2017,IBM,153.55000
12490,11/30/2017,IBM,153.97000
12490,12/01/2017,IBM,154.75999
12490,12/04/2017,IBM,156.46001
12490,12/05/2017,IBM,155.35001
12490,12/06/2017,IBM,154.10001
12490,12/07/2017,IBM,153.57001
12490,12/08/2017,IBM,154.81000
12490,12/11/2017,IBM,155.41000
12490,12/12/2017,IBM,156.74001
12490,12/13/2017,IBM,153.91000
12490,12/14/2017,IBM,154.00000
12490,12/15/2017,IBM,152.50000
12490,12/18/2017,IBM,153.33000
12490,12/19/2017,IBM,153.23000
12490,12/20/2017,IBM,152.95000
12490,12/21/2017,IBM,151.50000
12490,12/22/2017,IBM,152.50000
12490,12/26/2017,IBM,152.83000
12490,12/27/2017,IBM,153.13000
12490,12/28/2017,IBM,154.03999
12490,12/29/2017,IBM,153.42000
12490,01/02/2018,IBM,154.25000
12490,01/03/2018,IBM,158.49001
12490,01/04/2018,IBM,161.70000
12490,01/05/2018,IBM,162.49001
12490,01/08/2018,IBM,163.47000
12490,01/09/2018,IBM,163.83000
12490,01/10/2018,IBM,164.17999
12490,01/11/2018,IBM,164.20000
12490,01/12/2018,IBM,163.14000
12490,01/16/2018,IBM,163.85001
12490,01/17/2018,IBM,168.64999
12490,01/18/2018,IBM,169.12000
12490,01/19/2018,IBM,162.37000
12490,01/22/2018,IBM,162.60001
12490,01/23/2018,IBM,166.25000
12490,01/24/2018,IBM,165.37000
12490,01/25/2018,IBM,165.47000
12490,01/26/2018,IBM,167.34000
12490,01/29/2018,IBM,166.80000
12490,01/30/2018,IBM,163.62000
12490,01/31/2018,IBM,163.70000
12490,02/01/2018,IBM,162.39999
12490,02/02/2018,IBM,159.03000
12490,02/05/2018,IBM,152.53000
12490,02/06/2018,IBM,155.34000
12490,02/07/2018,IBM,153.85001
12490,02/08/2018,IBM,147.59000
12490,02/09/2018,IBM,149.50999
12490,02/12/2018,IBM,151.39999
12490,02/13/2018,IBM,150.75000
12490,02/14/2018,IBM,154.75999
12490,02/15/2018,IBM,156.00999
12490,02/16/2018,IBM,156.17999
12490,02/20/2018,IBM,155.16000
12490,02/21/2018,IBM,153.96001
12490,02/22/2018,IBM,153.17999
12490,02/23/2018,IBM,155.52000
12490,02/26/2018,IBM,158.58000
12490,02/27/2018,IBM,156.55000
12490,02/28/2018,IBM,155.83000
12490,03/01/2018,IBM,153.81000
12490,03/02/2018,IBM,154.49001
12490,03/05/2018,IBM,156.95000
12490,03/06/2018,IBM,155.72000
12490,03/07/2018,IBM,158.32001
12490,03/08/2018,IBM,156.21001
12490,03/09/2018,IBM,159.31000
12490,03/12/2018,IBM,160.25999
12490,03/13/2018,IBM,159.32001
12490,03/14/2018,IBM,158.12000
12490,03/15/2018,IBM,159.61000
12490,03/16/2018,IBM,160.25999
12490,03/19/2018,IBM,157.35001
12490,03/20/2018,IBM,156.20000
12490,03/21/2018,IBM,156.69000
12490,03/22/2018,IBM,152.09000
12490,03/23/2018,IBM,148.89000
12490,03/26/2018,IBM,153.37000
12490,03/27/2018,IBM,151.91000
12490,03/28/2018,IBM,152.52000
12490,03/29/2018,IBM,153.42999
12490,04/02/2018,IBM,150.07001
12490,04/03/2018,IBM,149.85001
12490,04/04/2018,IBM,154.12000
12490,04/05/2018,IBM,154.03000
12490,04/06/2018,IBM,150.57001
12490,04/09/2018,IBM,152.69000
12490,04/10/2018,IBM,155.39000
12490,04/11/2018,IBM,155.36000
12490,04/12/2018,IBM,158.07001
12490,04/13/2018,IBM,156.71001
12490,04/16/2018,IBM,157.89000
12490,04/17/2018,IBM,160.91000
12490,04/18/2018,IBM,148.78999
12490,04/19/2018,IBM,147.70000
12490,04/20/2018,IBM,144.89999
12490,04/23/2018,IBM,145.86000
12490,04/24/2018,IBM,145.56000
12490,04/25/2018,IBM,145.94000
12490,04/26/2018,IBM,146.72000
12490,04/27/2018,IBM,146.48000
12490,04/30/2018,IBM,144.96001
12490,05/01/2018,IBM,145.00000
12490,05/02/2018,IBM,142.45000
12490,05/03/2018,IBM,141.99001
12490,05/04/2018,IBM,143.91000
12490,05/07/2018,IBM,143.22000
12490,05/08/2018,IBM,143.00000
12490,05/09/2018,IBM,142.61000
12490,05/10/2018,IBM,144.24001
12490,05/11/2018,IBM,144.14000
12490,05/14/2018,IBM,144.30000
12490,05/15/2018,IBM,143.74001
12490,05/16/2018,IBM,144.63000
12490,05/17/2018,IBM,144.50000
12490,05/18/2018,IBM,144.08000
12490,05/21/2018,IBM,145.49001
12490,05/22/2018,IBM,145.09000
12490,05/23/2018,IBM,144.67000
12490,05/24/2018,IBM,144.07001
12490,05/25/2018,IBM,143.64000
12490,05/29/2018,IBM,141.22000
12490,05/30/2018,IBM,142.62000
12490,05/31/2018,IBM,141.31000
12490,06/01/2018,IBM,141.95000
12490,06/04/2018,IBM,143.03999
12490,06/05/2018,IBM,143.70000
12490,06/06/2018,IBM,144.71001
12490,06/07/2018,IBM,145.36000
12490,06/08/2018,IBM,146.14000
12490,06/11/2018,IBM,146.58000
12490,06/12/2018,IBM,146.87000
12490,06/13/2018,IBM,146.35001
12490,06/14/2018,IBM,145.20000
12490,06/15/2018,IBM,145.39000
12490,06/18/2018,IBM,144.48000
12490,06/19/2018,IBM,143.89999
12490,06/20/2018,IBM,142.63000
12490,06/21/2018,IBM,141.25000
12490,06/22/2018,IBM,141.28000
12490,06/25/2018,IBM,138.78999
12490,06/26/2018,IBM,139.08000
12490,06/27/2018,IBM,137.48000
12490,06/28/2018,IBM,140.03999
12490,06/29/2018,IBM,139.70000
25785,06/30/2017,F,11.19000
25785,07/03/2017,F,11.56000
25785,07/05/2017,F,11.30000
25785,07/06/2017,F,11.18000
25785,07/07/2017,F,11.26000
25785,07/10/2017,F,11.34000
25785,07/11/2017,F,11.38000
25785,07/12/2017,F,11.47000
25785,07/13/2017,F,11.60000
25785,07/14/2017,F,11.68000
25785,07/17/2017,F,11.74000
25785,07/18/2017,F,11.75000
25785,07/19/2017,F,11.83000
25785,07/20/2017,F,11.70000
25785,07/21/2017,F,11.53000
25785,07/24/2017,F,11.29000
25785,07/25/2017,F,11.27000
25785,07/26/2017,F,11.06000
25785,07/27/2017,F,11.18000
25785,07/28/2017,F,11.17000
25785,07/31/2017,F,11.22000
25785,08/01/2017,F,10.95000
25785,08/02/2017,F,11.00000
25785,08/03/2017,F,10.93000
25785,08/04/2017,F,10.95000
25785,08/07/2017,F,10.92000
25785,08/08/2017,F,10.89000
25785,08/09/2017,F,10.92000
25785,08/10/2017,F,10.77000
25785,08/11/2017,F,10.77000
25785,08/14/2017,F,10.91000
25785,08/15/2017,F,10.84000
25785,08/16/2017,F,10.80000
25785,08/17/2017,F,10.64000
25785,08/18/2017,F,10.56000
25785,08/21/2017,F,10.57000
25785,08/22/2017,F,10.65000
25785,08/23/2017,F,10.71000
25785,08/24/2017,F,10.71000
25785,08/25/2017,F,10.82000
25785,08/28/2017,F,10.79000
25785,08/29/2017,F,10.84000
25785,08/30/2017,F,10.94000
25785,08/31/2017,F,11.03000
25785,09/01/2017,F,11.35000
25785,09/05/2017,F,11.36000
25785,09/06/2017,F,11.50000
25785,09/07/2017,F,11.40000
25785,09/08/2017,F,11.36000
25785,09/11/2017,F,11.41000
25785,09/12/2017,F,11.59000
25785,09/13/2017,F,11.62000
25785,09/14/2017,F,11.56000
25785,09/15/2017,F,11.62000
25785,09/18/2017,F,11.63000
25785,09/19/2017,F,11.72000
25785,09/20/2017,F,11.71000
25785,09/21/2017,F,11.72000
25785,09/22/2017,F,11.84000
25785,09/25/2017,F,11.94000
25785,09/26/2017,F,11.93000
25785,09/27/2017,F,11.95000
25785,09/28/2017,F,11.96000
25785,09/29/2017,F,11.97000
25785,10/02/2017,F,12.09000
25785,10/03/2017,F,12.34000
25785,10/04/2017,F,12.30000
25785,10/05/2017,F,12.25000
25785,10/06/2017,F,12.31000
25785,10/09/2017,F,12.34000
25785,10/10/2017,F,12.39000
25785,10/11/2017,F,12.38000
25785,10/12/2017,F,12.12000
25785,10/13/2017,F,12.05000
25785,10/16/2017,F,12.12000
25785,10/17/2017,F,12.27000
25785,10/18/2017,F,12.19000
25785,10/19/2017,F,12.23000
25785,10/20/2017,F,12.10000
25785,10/23/2017,F,12.04000
25785,10/24/2017,F,12.19000
25785,10/25/2017,F,12.04000
25785,10/26/2017,F,12.27000
25785,10/27/2017,F,12.06000
25785,10/30/2017,F,12.10000
25785,10/31/2017,F,12.27000
25785,11/01/2017,F,12.35000
25785,11/02/2017,F,12.42000
25785,11/03/2017,F,12.36000
25785,11/06/2017,F,12.33000
25785,11/07/2017,F,12.16000
25785,11/08/2017,F,12.06000
25785,11/09/2017,F,12.04000
25785,11/10/2017,F,12.01000
25785,11/13/2017,F,12.16000
25785,11/14/2017,F,12.02000
25785,11/15/2017,F,12.00000
25785,11/16/2017,F,12.04000
25785,11/17/2017,F,12.01000
25785,11/20/2017,F,12.13000
25785,11/21/2017,F,12.12000
25785,11/22/2017,F,12.07000
25785,11/24/2017,F,12.10000
25785,11/27/2017,F,12.11000
25785,11/28/2017,F,12.21000
25785,11/29/2017,F,12.56000
25785,11/30/2017,F,12.52000
25785,12/01/2017,F,12.58000
25785,12/04/2017,F,12.63000
25785,12/05/2017,F,12.43000
25785,12/06/2017,F,12.38000
25785,12/07/2017,F,12.53000
25785,12/08/2017,F,12.61000
25785,12/11/2017,F,12.58000
25785,12/12/2017,F,12.60000
25785,12/13/2017,F,12.63000
25785,12/14/2017,F,12.46000
25785,12/15/2017,F,12.58000
25785,12/18/2017,F,12.66000
25785,12/19/2017,F,12.69000
25785,12/20/2017,F,12.72000
25785,12/21/2017,F,12.63000
25785,12/22/2017,F,12.58000
25785,12/26/2017,F,12.60000
25785,12/27/2017,F,12.50000
25785,12/28/2017,F,12.58000
25785,12/29/2017,F,12.49000
25785,01/02/2018,F,12.66000
25785,01/03/2018,F,12.76000
25785,01/04/2018,F,12.98000
25785,01/05/2018,F,13.20000
25785,01/08/2018,F,13.15000
25785,01/09/2018,F,13.08000
25785,01/10/2018,F,13.03000
25785,01/11/2018,F,13.16000
25785,01/12/2018,F,13.23000
25785,01/16/2018,F,13.10000
25785,01/17/2018,F,12.18000
25785,01/18/2018,F,12.07000
25785,01/19/2018,F,12.00000
25785,01/22/2018,F,12.02000
25785,01/23/2018,F,11.96000
25785,01/24/2018,F,12.05000
25785,01/25/2018,F,11.57000
25785,01/26/2018,F,11.65000
25785,01/29/2018,F,11.12000
25785,01/30/2018,F,11.06000
25785,01/31/2018,F,10.97000
25785,02/01/2018,F,10.92000
25785,02/02/2018,F,10.71000
25785,02/05/2018,F,10.24000
25785,02/06/2018,F,10.76000
25785,02/07/2018,F,10.76000
25785,02/08/2018,F,10.43000
25785,02/09/2018,F,10.53000
25785,02/12/2018,F,10.70000
25785,02/13/2018,F,10.59000
25785,02/14/2018,F,10.74000
25785,02/15/2018,F,10.76000
25785,02/16/2018,F,10.61000
25785,02/20/2018,F,10.63000
25785,02/21/2018,F,10.60000
25785,02/22/2018,F,10.63000
25785,02/23/2018,F,10.70000
25785,02/26/2018,F,10.89000
25785,02/27/2018,F,10.61000
25785,02/28/2018,F,10.61000
25785,03/01/2018,F,10.29000
25785,03/02/2018,F,10.40000
25785,03/05/2018,F,10.58000
25785,03/06/2018,F,10.63000
25785,03/07/2018,F,10.63000
25785,03/08/2018,F,10.61000
25785,03/09/2018,F,10.73000
25785,03/12/2018,F,10.81000
25785,03/13/2018,F,10.78000
25785,03/14/2018,F,11.02000
25785,03/15/2018,F,11.07000
25785,03/16/2018,F,11.15000
25785,03/19/2018,F,11.01000
25785,03/20/2018,F,10.99000
25785,03/21/2018,F,11.10000
25785,03/22/2018,F,10.75000
25785,03/23/2018,F,10.56000
25785,03/26/2018,F,10.83000
25785,03/27/2018,F,10.83000
25785,03/28/2018,F,10.86000
25785,03/29/2018,F,11.08000
25785,04/02/2018,F,10.86000
25785,04/03/2018,F,11.15000
25785,04/04/2018,F,11.33000
25785,04/05/2018,F,11.35000
25785,04/06/2018,F,11.18000
25785,04/09/2018,F,11.25000
25785,04/10/2018,F,11.45000
25785,04/11/2018,F,11.43000
25785,04/12/2018,F,11.31000
25785,04/13/2018,F,11.28000
25785,04/16/2018,F,11.38000
25785,04/17/2018,F,11.38000
25785,04/18/2018,F,11.33000
25785,04/19/2018,F,10.96000
25785,04/20/2018,F,10.82000
25785,04/23/2018,F,11.04000
25785,04/24/2018,F,10.96000
25785,04/25/2018,F,11.11000
25785,04/26/2018,F,11.43000
25785,04/27/2018,F,11.49000
25785,04/30/2018,F,11.24000
25785,05/01/2018,F,11.26000
25785,05/02/2018,F,11.21000
25785,05/03/2018,F,11.20000
25785,05/04/2018,F,11.36000
25785,05/07/2018,F,11.34000
25785,05/08/2018,F,11.27000
25785,05/09/2018,F,11.06000
25785,05/10/2018,F,11.21000
25785,05/11/2018,F,11.19000
25785,05/14/2018,F,11.18000
25785,05/15/2018,F,11.22000
25785,05/16/2018,F,11.40000
25785,05/17/2018,F,11.46000
25785,05/18/2018,F,11.33000
25785,05/21/2018,F,11.51000
25785,05/22/2018,F,11.52000
25785,05/23/2018,F,11.44000
25785,05/24/2018,F,11.62000
25785,05/25/2018,F,11.51000
25785,05/29/2018,F,11.44000
25785,05/30/2018,F,11.55000
25785,05/31/2018,F,11.55000
25785,06/01/2018,F,11.71000
25785,06/04/2018,F,11.74000
25785,06/05/2018,F,11.83000
25785,06/06/2018,F,11.97000
25785,06/07/2018,F,12.03000
25785,06/08/2018,F,12.10000
25785,06/11/2018,F,12.03000
25785,06/12/2018,F,12.11000
25785,06/13/2018,F,12.02000
25785,06/14/2018,F,11.89000
25785,06/15/2018,F,11.88000
25785,06/18/2018,F,11.99000
25785,06/19/2018,F,11.89000
25785,06/20/2018,F,11.87000
25785,06/21/2018,F,11.71000
25785,06/22/2018,F,11.65000
25785,06/25/2018,F,11.50000
25785,06/26/2018,F,11.52000
25785,06/27/2018,F,11.42000
25785,06/28/2018,F,11.28000
25785,06/29/2018,F,11.07000
55976,06/30/2017,WMT,75.68000
55976,07/03/2017,WMT,75.36000
55976,07/05/2017,WMT,75.32000
55976,07/06/2017,WMT,75.47000
55976,07/07/2017,WMT,75.33000
55976,07/10/2017,WMT,73.23000
55976,07/11/2017,WMT,73.47000
55976,07/12/2017,WMT,73.94000
55976,07/13/2017,WMT,75.05000
55976,07/14/2017,WMT,76.34000
55976,07/17/2017,WMT,76.37000
55976,07/18/2017,WMT,76.20000
55976,07/19/2017,WMT,75.87000
55976,07/20/2017,WMT,76.02000
55976,07/21/2017,WMT,76.15000
55976,07/24/2017,WMT,76.89000
55976,07/25/2017,WMT,78.52000
55976,07/26/2017,WMT,78.90000
55976,07/27/2017,WMT,79.78000
55976,07/28/2017,WMT,79.81000
55976,07/31/2017,WMT,79.99000
55976,08/01/2017,WMT,80.50000
55976,08/02/2017,WMT,80.53000
55976,08/03/2017,WMT,80.87000
55976,08/04/2017,WMT,80.48000
55976,08/07/2017,WMT,81.28000
55976,08/08/2017,WMT,81.59000
55976,08/09/2017,WMT,81.61000
55976,08/10/2017,WMT,80.66000
55976,08/11/2017,WMT,80.40000
55976,08/14/2017,WMT,80.70000
55976,08/15/2017,WMT,80.77000
55976,08/16/2017,WMT,80.98000
55976,08/17/2017,WMT,79.70000
55976,08/18/2017,WMT,79.31000
55976,08/21/2017,WMT,79.71000
55976,08/22/2017,WMT,80.02000
55976,08/23/2017,WMT,79.96000
55976,08/24/2017,WMT,78.34000
55976,08/25/2017,WMT,78.63000
55976,08/28/2017,WMT,78.03000
55976,08/29/2017,WMT,78.77000
55976,08/30/2017,WMT,78.54000
55976,08/31/2017,WMT,78.07000
55976,09/01/2017,WMT,78.37000
55976,09/05/2017,WMT,79.80000
55976,09/06/2017,WMT,80.08000
55976,09/07/2017,WMT,80.12000
55976,09/08/2017,WMT,78.88000
55976,09/11/2017,WMT,79.08000
55976,09/12/2017,WMT,79.61000
55976,09/13/2017,WMT,79.86000
55976,09/14/2017,WMT,79.68000
55976,09/15/2017,WMT,80.38000
55976,09/18/2017,WMT,80.00000
55976,09/19/2017,WMT,80.05000
55976,09/20/2017,WMT,80.50000
55976,09/21/2017,WMT,80.01000
55976,09/22/2017,WMT,79.53000
55976,09/25/2017,WMT,79.15000
55976,09/26/2017,WMT,79.39000
55976,09/27/2017,WMT,79.29000
55976,09/28/2017,WMT,78.95000
55976,09/29/2017,WMT,78.14000
55976,10/02/2017,WMT,78.45000
55976,10/03/2017,WMT,79.22000
55976,10/04/2017,WMT,79.09000
55976,10/05/2017,WMT,79.41000
55976,10/06/2017,WMT,79.00000
55976,10/09/2017,WMT,80.53000
55976,10/10/2017,WMT,84.13000
55976,10/11/2017,WMT,85.73000
55976,10/12/2017,WMT,86.10000
55976,10/13/2017,WMT,86.62000
55976,10/16/2017,WMT,85.74000
55976,10/17/2017,WMT,85.98000
55976,10/18/2017,WMT,86.22000
55976,10/19/2017,WMT,86.40000
55976,10/20/2017,WMT,87.44000
55976,10/23/2017,WMT,88.65000
55976,10/24/2017,WMT,87.98000
55976,10/25/2017,WMT,88.48000
55976,10/26/2017,WMT,88.62000
55976,10/27/2017,WMT,88.17000
55976,10/30/2017,WMT,86.95000
55976,10/31/2017,WMT,87.31000
55976,11/01/2017,WMT,87.94000
55976,11/02/2017,WMT,88.80000
55976,11/03/2017,WMT,89.68000
55976,11/06/2017,WMT,88.70000
55976,11/07/2017,WMT,88.95000
55976,11/08/2017,WMT,90.26000
55976,11/09/2017,WMT,90.30000
55976,11/10/2017,WMT,90.92000
55976,11/13/2017,WMT,90.99000
55976,11/14/2017,WMT,91.09000
55976,11/15/2017,WMT,89.83000
55976,11/16/2017,WMT,99.62000
55976,11/17/2017,WMT,97.47000
55976,11/20/2017,WMT,97.48000
55976,11/21/2017,WMT,96.52000
55976,11/22/2017,WMT,96.41000
55976,11/24/2017,WMT,96.62000
55976,11/27/2017,WMT,96.62000
55976,11/28/2017,WMT,96.77000
55976,11/29/2017,WMT,97.56000
55976,11/30/2017,WMT,97.23000
55976,12/01/2017,WMT,97.35000
55976,12/04/2017,WMT,97.01000
55976,12/05/2017,WMT,97.83000
55976,12/06/2017,WMT,97.28000
55976,12/07/2017,WMT,96.78000
55976,12/08/2017,WMT,96.55000
55976,12/11/2017,WMT,96.93000
55976,12/12/2017,WMT,96.70000
55976,12/13/2017,WMT,97.76000
55976,12/14/2017,WMT,97.13000
55976,12/15/2017,WMT,97.11000
55976,12/18/2017,WMT,97.90000
55976,12/19/2017,WMT,98.80000
55976,12/20/2017,WMT,98.75000
55976,12/21/2017,WMT,98.06000
55976,12/22/2017,WMT,98.21000
55976,12/26/2017,WMT,99.16000
55976,12/27/2017,WMT,99.26000
55976,12/28/2017,WMT,99.40000
55976,12/29/2017,WMT,98.75000
55976,01/02/2018,WMT,98.59000
55976,01/03/2018,WMT,99.45000
55976,01/04/2018,WMT,99.54000
55976,01/05/2018,WMT,100.13000
55976,01/08/2018,WMT,101.61000
55976,01/09/2018,WMT,100.39000
55976,01/10/2018,WMT,99.67000
55976,01/11/2018,WMT,100.02000
55976,01/12/2018,WMT,100.87000
55976,01/16/2018,WMT,100.69000
55976,01/17/2018,WMT,102.70000
55976,01/18/2018,WMT,104.30000
55976,01/19/2018,WMT,104.59000
55976,01/22/2018,WMT,105.45000
55976,01/23/2018,WMT,105.90000
55976,01/24/2018,WMT,105.79000
55976,01/25/2018,WMT,106.60000
55976,01/26/2018,WMT,108.39000
55976,01/29/2018,WMT,109.55000
55976,01/30/2018,WMT,107.73000
55976,01/31/2018,WMT,106.60000
55976,02/01/2018,WMT,105.52000
55976,02/02/2018,WMT,104.48000
55976,02/05/2018,WMT,100.09000
55976,02/06/2018,WMT,100.90000
55976,02/07/2018,WMT,102.85000
55976,02/08/2018,WMT,100.02000
55976,02/09/2018,WMT,99.37000
55976,02/12/2018,WMT,99.55000
55976,02/13/2018,WMT,100.98000
55976,02/14/2018,WMT,101.70000
55976,02/15/2018,WMT,103.23000
55976,02/16/2018,WMT,104.78000
55976,02/20/2018,WMT,94.11000
55976,02/21/2018,WMT,91.52000
55976,02/22/2018,WMT,92.77000
55976,02/23/2018,WMT,92.89000
55976,02/26/2018,WMT,93.12000
55976,02/27/2018,WMT,91.52000
55976,02/28/2018,WMT,90.01000
55976,03/01/2018,WMT,89.08000
55976,03/02/2018,WMT,88.77000
55976,03/05/2018,WMT,89.98000
55976,03/06/2018,WMT,89.06000
55976,03/07/2018,WMT,87.74000
55976,03/08/2018,WMT,87.92000
55976,03/09/2018,WMT,88.72000
55976,03/12/2018,WMT,88.07000
55976,03/13/2018,WMT,88.30000
55976,03/14/2018,WMT,87.67000
55976,03/15/2018,WMT,87.51000
55976,03/16/2018,WMT,89.17000
55976,03/19/2018,WMT,87.45000
55976,03/20/2018,WMT,87.95000
55976,03/21/2018,WMT,88.18000
55976,03/22/2018,WMT,87.14000
55976,03/23/2018,WMT,85.42000
55976,03/26/2018,WMT,87.50000
55976,03/27/2018,WMT,86.05000
55976,03/28/2018,WMT,87.77000
55976,03/29/2018,WMT,88.97000
55976,04/02/2018,WMT,85.55000
55976,04/03/2018,WMT,86.80000
55976,04/04/2018,WMT,87.22000
55976,04/05/2018,WMT,87.81000
55976,04/06/2018,WMT,86.69000
55976,04/09/2018,WMT,86.28000
55976,04/10/2018,WMT,86.45000
55976,04/11/2018,WMT,85.91000
55976,04/12/2018,WMT,85.43000
55976,04/13/2018,WMT,86.02000
55976,04/16/2018,WMT,86.84000
55976,04/17/2018,WMT,87.90000
55976,04/18/2018,WMT,87.57000
55976,04/19/2018,WMT,87.89000
55976,04/20/2018,WMT,86.98000
55976,04/23/2018,WMT,86.10000
55976,04/24/2018,WMT,86.53000
55976,04/25/2018,WMT,87.17000
55976,04/26/2018,WMT,87.94000
55976,04/27/2018,WMT,87.29000
55976,04/30/2018,WMT,88.46000
55976,05/01/2018,WMT,87.41000
55976,05/02/2018,WMT,86.34000
55976,05/03/2018,WMT,86.23000
55976,05/04/2018,WMT,87.53000
55976,05/07/2018,WMT,85.47000
55976,05/08/2018,WMT,85.74000
55976,05/09/2018,WMT,83.06000
55976,05/10/2018,WMT,82.69000
55976,05/11/2018,WMT,83.38000
55976,05/14/2018,WMT,84.39000
55976,05/15/2018,WMT,84.52000
55976,05/16/2018,WMT,86.13000
55976,05/17/2018,WMT,84.49000
55976,05/18/2018,WMT,83.64000
55976,05/21/2018,WMT,84.51000
55976,05/22/2018,WMT,83.37000
55976,05/23/2018,WMT,83.01000
55976,05/24/2018,WMT,82.85000
55976,05/25/2018,WMT,82.46000
55976,05/29/2018,WMT,82.40000
55976,05/30/2018,WMT,84.12000
55976,05/31/2018,WMT,82.54000
55976,06/01/2018,WMT,82.99000
55976,06/04/2018,WMT,85.42000
55976,06/05/2018,WMT,84.62000
55976,06/06/2018,WMT,84.56000
55976,06/07/2018,WMT,84.95000
55976,06/08/2018,WMT,84.36000
55976,06/11/2018,WMT,84.30000
55976,06/12/2018,WMT,84.10000
55976,06/13/2018,WMT,84.09000
55976,06/14/2018,WMT,83.79000
55976,06/15/2018,WMT,83.70000
55976,06/18/2018,WMT,83.00000
55976,06/19/2018,WMT,83.61000
55976,06/20/2018,WMT,83.61000
55976,06/21/2018,WMT,84.21000
55976,06/22/2018,WMT,84.82000
55976,06/25/2018,WMT,86.47000
55976,06/26/2018,WMT,85.98000
55976,06/27/2018,WMT,86.89000
55976,06/28/2018,WMT,85.86000
55976,06/29/2018,WMT,85.65000
89393,06/30/2017,NFLX,149.41000
89393,07/03/2017,NFLX,146.17000
89393,07/05/2017,NFLX,147.61000
89393,07/06/2017,NFLX,146.25000
89393,07/07/2017,NFLX,150.17999
89393,07/10/2017,NFLX,152.67000
89393,07/11/2017,NFLX,154.33000
89393,07/12/2017,NFLX,158.75000
89393,07/13/2017,NFLX,158.21001
89393,07/14/2017,NFLX,161.12000
89393,07/17/2017,NFLX,161.70000
89393,07/18/2017,NFLX,183.60001
89393,07/19/2017,NFLX,183.86000
89393,07/20/2017,NFLX,183.60001
89393,07/21/2017,NFLX,188.53999
89393,07/24/2017,NFLX,187.91000
89393,07/25/2017,NFLX,186.97000
89393,07/26/2017,NFLX,189.08000
89393,07/27/2017,NFLX,182.67999
89393,07/28/2017,NFLX,184.03999
89393,07/31/2017,NFLX,181.66000
89393,08/01/2017,NFLX,182.03000
89393,08/02/2017,NFLX,180.74001
89393,08/03/2017,NFLX,179.23000
89393,08/04/2017,NFLX,180.27000
89393,08/07/2017,NFLX,181.33000
89393,08/08/2017,NFLX,178.36000
89393,08/09/2017,NFLX,175.78000
89393,08/10/2017,NFLX,169.14000
89393,08/11/2017,NFLX,171.39999
89393,08/14/2017,NFLX,171.00000
89393,08/15/2017,NFLX,168.50000
89393,08/16/2017,NFLX,169.98000
89393,08/17/2017,NFLX,166.09000
89393,08/18/2017,NFLX,166.53999
89393,08/21/2017,NFLX,166.75999
89393,08/22/2017,NFLX,169.34000
89393,08/23/2017,NFLX,169.06000
89393,08/24/2017,NFLX,168.13000
89393,08/25/2017,NFLX,165.95000
89393,08/28/2017,NFLX,167.12000
89393,08/29/2017,NFLX,168.81000
89393,08/30/2017,NFLX,174.69000
89393,08/31/2017,NFLX,174.71001
89393,09/01/2017,NFLX,174.74001
89393,09/05/2017,NFLX,174.52000
89393,09/06/2017,NFLX,179.25000
89393,09/07/2017,NFLX,179.00000
89393,09/08/2017,NFLX,176.42000
89393,09/11/2017,NFLX,181.74001
89393,09/12/2017,NFLX,185.14999
89393,09/13/2017,NFLX,183.64000
89393,09/14/2017,NFLX,182.63000
89393,09/15/2017,NFLX,182.35001
89393,09/18/2017,NFLX,184.62000
89393,09/19/2017,NFLX,185.67999
89393,09/20/2017,NFLX,185.50999
89393,09/21/2017,NFLX,188.78000
89393,09/22/2017,NFLX,187.35001
89393,09/25/2017,NFLX,178.55000
89393,09/26/2017,NFLX,179.38000
89393,09/27/2017,NFLX,181.97000
89393,09/28/2017,NFLX,180.70000
89393,09/29/2017,NFLX,181.35001
89393,10/02/2017,NFLX,177.00999
89393,10/03/2017,NFLX,179.19000
89393,10/04/2017,NFLX,184.45000
89393,10/05/2017,NFLX,194.39000
89393,10/06/2017,NFLX,198.02000
89393,10/09/2017,NFLX,196.87000
89393,10/10/2017,NFLX,195.08000
89393,10/11/2017,NFLX,194.95000
89393,10/12/2017,NFLX,195.86000
89393,10/13/2017,NFLX,199.49001
89393,10/16/2017,NFLX,202.67999
89393,10/17/2017,NFLX,199.48000
89393,10/18/2017,NFLX,195.53999
89393,10/19/2017,NFLX,195.13000
89393,10/20/2017,NFLX,194.16000
89393,10/23/2017,NFLX,192.47000
89393,10/24/2017,NFLX,196.02000
89393,10/25/2017,NFLX,193.77000
89393,10/26/2017,NFLX,195.21001
89393,10/27/2017,NFLX,199.53999
89393,10/30/2017,NFLX,198.37000
89393,10/31/2017,NFLX,196.42999
89393,11/01/2017,NFLX,198.00000
89393,11/02/2017,NFLX,199.32001
89393,11/03/2017,NFLX,200.00999
89393,11/06/2017,NFLX,200.13000
89393,11/07/2017,NFLX,195.89000
89393,11/08/2017,NFLX,196.44000
89393,11/09/2017,NFLX,193.89999
89393,11/10/2017,NFLX,192.02000
89393,11/13/2017,NFLX,195.08000
89393,11/14/2017,NFLX,195.71001
89393,11/15/2017,NFLX,192.12000
89393,11/16/2017,NFLX,195.50999
89393,11/17/2017,NFLX,193.20000
89393,11/20/2017,NFLX,194.10001
89393,11/21/2017,NFLX,196.23000
89393,11/22/2017,NFLX,196.32001
89393,11/24/2017,NFLX,195.75000
89393,11/27/2017,NFLX,195.05000
89393,11/28/2017,NFLX,199.17999
89393,11/29/2017,NFLX,188.14999
89393,11/30/2017,NFLX,187.58000
89393,12/01/2017,NFLX,186.82001
89393,12/04/2017,NFLX,184.03999
89393,12/05/2017,NFLX,184.21001
89393,12/06/2017,NFLX,185.30000
89393,12/07/2017,NFLX,185.20000
89393,12/08/2017,NFLX,188.53999
89393,12/11/2017,NFLX,186.22000
89393,12/12/2017,NFLX,185.73000
89393,12/13/2017,NFLX,187.86000
89393,12/14/2017,NFLX,189.56000
89393,12/15/2017,NFLX,190.12000
89393,12/18/2017,NFLX,190.42000
89393,12/19/2017,NFLX,187.02000
89393,12/20/2017,NFLX,188.82001
89393,12/21/2017,NFLX,188.62000
89393,12/22/2017,NFLX,189.94000
89393,12/26/2017,NFLX,187.75999
89393,12/27/2017,NFLX,186.24001
89393,12/28/2017,NFLX,192.71001
89393,12/29/2017,NFLX,191.96001
89393,01/02/2018,NFLX,201.07001
89393,01/03/2018,NFLX,205.05000
89393,01/04/2018,NFLX,205.63000
89393,01/05/2018,NFLX,209.99001
89393,01/08/2018,NFLX,212.05000
89393,01/09/2018,NFLX,209.31000
89393,01/10/2018,NFLX,212.52000
89393,01/11/2018,NFLX,217.24001
89393,01/12/2018,NFLX,221.23000
89393,01/16/2018,NFLX,221.53000
89393,01/17/2018,NFLX,217.50000
89393,01/18/2018,NFLX,220.33000
89393,01/19/2018,NFLX,220.46001
89393,01/22/2018,NFLX,227.58000
89393,01/23/2018,NFLX,250.28999
89393,01/24/2018,NFLX,261.29999
89393,01/25/2018,NFLX,269.70001
89393,01/26/2018,NFLX,274.60001
89393,01/29/2018,NFLX,284.59000
89393,01/30/2018,NFLX,278.79999
89393,01/31/2018,NFLX,270.29999
89393,02/01/2018,NFLX,265.07001
89393,02/02/2018,NFLX,267.42999
89393,02/05/2018,NFLX,254.25999
89393,02/06/2018,NFLX,265.72000
89393,02/07/2018,NFLX,264.56000
89393,02/08/2018,NFLX,250.10001
89393,02/09/2018,NFLX,249.47000
89393,02/12/2018,NFLX,257.95001
89393,02/13/2018,NFLX,258.26999
89393,02/14/2018,NFLX,266.00000
89393,02/15/2018,NFLX,280.26999
89393,02/16/2018,NFLX,278.51999
89393,02/20/2018,NFLX,278.54999
89393,02/21/2018,NFLX,281.04001
89393,02/22/2018,NFLX,278.14001
89393,02/23/2018,NFLX,285.92999
89393,02/26/2018,NFLX,294.16000
89393,02/27/2018,NFLX,290.60999
89393,02/28/2018,NFLX,291.38000
89393,03/01/2018,NFLX,290.39001
89393,03/02/2018,NFLX,301.04999
89393,03/05/2018,NFLX,315.00000
89393,03/06/2018,NFLX,325.22000
89393,03/07/2018,NFLX,321.16000
89393,03/08/2018,NFLX,317.00000
89393,03/09/2018,NFLX,331.44000
89393,03/12/2018,NFLX,321.29999
89393,03/13/2018,NFLX,315.88000
89393,03/14/2018,NFLX,321.54999
89393,03/15/2018,NFLX,321.09000
89393,03/16/2018,NFLX,318.45001
89393,03/19/2018,NFLX,313.48001
89393,03/20/2018,NFLX,317.50000
89393,03/21/2018,NFLX,316.48001
89393,03/22/2018,NFLX,306.70001
89393,03/23/2018,NFLX,300.94000
89393,03/26/2018,NFLX,320.35001
89393,03/27/2018,NFLX,300.69000
89393,03/28/2018,NFLX,285.76999
89393,03/29/2018,NFLX,295.35001
89393,04/02/2018,NFLX,280.29001
89393,04/03/2018,NFLX,283.67001
89393,04/04/2018,NFLX,288.94000
89393,04/05/2018,NFLX,293.97000
89393,04/06/2018,NFLX,288.85001
89393,04/09/2018,NFLX,289.92999
89393,04/10/2018,NFLX,298.07001
89393,04/11/2018,NFLX,303.67001
89393,04/12/2018,NFLX,309.25000
89393,04/13/2018,NFLX,311.64999
89393,04/16/2018,NFLX,307.78000
89393,04/17/2018,NFLX,336.06000
89393,04/18/2018,NFLX,334.51999
89393,04/19/2018,NFLX,332.70001
89393,04/20/2018,NFLX,327.76999
89393,04/23/2018,NFLX,318.69000
89393,04/24/2018,NFLX,307.01999
89393,04/25/2018,NFLX,305.76001
89393,04/26/2018,NFLX,313.98001
89393,04/27/2018,NFLX,311.76001
89393,04/30/2018,NFLX,312.45999
89393,05/01/2018,NFLX,313.29999
89393,05/02/2018,NFLX,313.35999
89393,05/03/2018,NFLX,311.69000
89393,05/04/2018,NFLX,320.09000
89393,05/07/2018,NFLX,326.26001
89393,05/08/2018,NFLX,326.89001
89393,05/09/2018,NFLX,330.29999
89393,05/10/2018,NFLX,329.60001
89393,05/11/2018,NFLX,326.45999
89393,05/14/2018,NFLX,328.53000
89393,05/15/2018,NFLX,326.13000
89393,05/16/2018,NFLX,328.19000
89393,05/17/2018,NFLX,325.22000
89393,05/18/2018,NFLX,324.17999
89393,05/21/2018,NFLX,331.82001
89393,05/22/2018,NFLX,331.62000
89393,05/23/2018,NFLX,344.72000
89393,05/24/2018,NFLX,349.29001
89393,05/25/2018,NFLX,351.29001
89393,05/29/2018,NFLX,349.73001
89393,05/30/2018,NFLX,353.54001
89393,05/31/2018,NFLX,351.60001
89393,06/01/2018,NFLX,359.92999
89393,06/04/2018,NFLX,361.81000
89393,06/05/2018,NFLX,365.79999
89393,06/06/2018,NFLX,367.45001
89393,06/07/2018,NFLX,361.39999
89393,06/08/2018,NFLX,360.57001
89393,06/11/2018,NFLX,361.45001
89393,06/12/2018,NFLX,363.82999
89393,06/13/2018,NFLX,379.92999
89393,06/14/2018,NFLX,392.87000
89393,06/15/2018,NFLX,391.98001
89393,06/18/2018,NFLX,390.39999
89393,06/19/2018,NFLX,404.98001
89393,06/20/2018,NFLX,416.76001
89393,06/21/2018,NFLX,415.44000
89393,06/22/2018,NFLX,411.09000
89393,06/25/2018,NFLX,384.48001
89393,06/26/2018,NFLX,399.39001
89393,06/27/2018,NFLX,390.39001
89393,06/28/2018,NFLX,395.42001
89393,06/29/2018,NFLX,391.42999
